date;time;tripId;shortName;lineName;stopName;plannedArrival;actualArrival;delayMin
2025-06-22;2226;VHJpcDoxOjI1MjEzMjU0;3278  személyvonat;S76;Óbuda;22:25;22:26;1
2025-06-22;2226;VHJpcDoxOjI0NDQxNDU4;3548  személyvonat;G43;Velence;22:21;22:26;5
2025-06-22;2226;VHJpcDoxOjI1MTYyODA0;9531  személyvonat;Sz 9530/9531;Türje;22:22;22:26;5
2025-06-22;2226;VHJpcDoxOjI0NjY4NDE1;9948  személyvonat;Sz 9910/9915/9918/9920/9921/9923/9924/9925/9927/9930/9931/9932/9936/9941/9943/9948;Csorna;22:19;22:26;8
2025-06-22;2226;VHJpcDoxOjIwOTQ1NDM1;35428  személyvonat;Sz 35410/35411/35412/35415/35418/35419/35427/35428;Szendrő;22:22;22:25;4
2025-06-22;2226;VHJpcDoxOjIwOTQzMTAz;19741 KATICA InterRégió;IR DÉLI -> PARTI/DÉLI <- PARTI/KATICA;Polgárdi-Ipartelepek;22:14;22:26;13
2025-06-22;2226;VHJpcDoxOjI1MjUwMzUzLjIyNDM1OTA3;2931  személyvonat;S21;Kőbánya-Kispest;22:50;21:21;0
2025-06-22;2226;VHJpcDoxOjI1MDA2ODQ4;2541  személyvonat;S71;Fótújfalu;22:25;22:25;1
2025-06-22;2226;VHJpcDoxOjIwOTQzMDA5;5128  személyvonat;Sz 15121/15130/5110/5111/5120/5123/5128/5129/5140/5158;Mezőzombor;22:20;22:25;5
2025-06-22;2226;VHJpcDoxOjIwOTQ1NTQw;8561  személyvonat;Sz 8561/8569;Zákány;22:38;21:47;0
2025-06-22;2226;VHJpcDoxOjI0Njc0NTky;7441  személyvonat;Sz 7441/7443;Tiszatenyő;22:26;22:26;1
2025-06-22;2226;VHJpcDoxOjI1NDczOTM0;19638  személyvonat;Sz 19638;Tapolca;22:21;22:22;1
2025-06-22;2226;VHJpcDoxOjIwOTQ0MjY4;9648  személyvonat;Sz 9639/9648;Alsógyenes;22:23;22:26;3
2025-06-22;2226;VHJpcDoxOjIwOTQ0MDkw;8218  személyvonat;Sz 8201/8202/8204/8205/8206/8207/8208/8210/8212/8213/8217/8218/8219/8222/8225/8236;Szenta;22:12;22:26;15
2025-06-22;2226;VHJpcDoxOjI0OTAyNzk4;366 HARGITA InterCity;IC CORONA/HARGITA;Budapest-Keleti;23:00;22:15;0
2025-06-22;2226;VHJpcDoxOjI1MTU5NTg5;3251  személyvonat;S76;Szélhegy;22:26;22:26;1
2025-06-22;2226;VHJpcDoxOjI0Njc0NzIy;8208  személyvonat;Sz 8201/8202/8204/8205/8206/8207/8208/8210/8212/8213/8217/8218/8219/8222/8225/8236;Nagyberki;22:13;22:26;14
2025-06-22;2226;VHJpcDoxOjI0NjY4NTAy;3341  személyvonat;S60;Sülysáp;22:09;22:20;11
2025-06-22;2226;VHJpcDoxOjIwOTQ0ODQy;38318  személyvonat;Sz 38318/38319;Kapoly;22:25;22:26;2
2025-06-22;2226;VHJpcDoxOjI1MjU0Nzg3;4931  személyvonat;S10;Budapest-Kelenföld;22:24;22:23;0
2025-06-22;2226;VHJpcDoxOjIwOTQ2ODM0;3618  személyvonat;S60;Kőbánya felső;22:25;22:26;2
2025-06-22;2226;VHJpcDoxOjIwOTQ0NDU3;9238  személyvonat;Sz 19261/9210/9211/9212/9213/9214/9215/9216/9217/9218/9219/9221/9222/9223/9224/9225/9226/9227/9229/9236/9238/9239/9248;Pápa;22:00;22:01;1
2025-06-22;2226;VHJpcDoxOjIwOTQ0NjQx;19761  személyvonat;Sz 19701/19761;Zánka-Köveskál;22:25;22:25;0
2025-06-22;2226;VHJpcDoxOjIwOTQ1MTM2;18511 DÉLI <- PARTI InterRégió;IR DÉLI -> PARTI/DÉLI <- PARTI/KATICA;Balatonaliga;22:18;22:26;9
2025-06-22;2226;VHJpcDoxOjIzNzY4MDI5;5831  személyvonat;Sz 5810/5811/5812/5813/5814/5815/5816/5818/5819/5820/5821/5822/5823/5824/5825/5826/5827/5828/5829/5831/5832/5833/5834/5835/5836/5837/5838/5839/5843/5846/5847/5848;Salgótarján;22:25;22:26;1
2025-06-22;2226;VHJpcDoxOjIwOTQ1NTIz;18521 BAGOLYVONAT személyvonat;Sz BAGOLYVONAT;Máriahullámtelep;22:15;22:26;11
2025-06-22;2226;VHJpcDoxOjIwOTQ1MTA0;5328  személyvonat;Sz 5312/5315/5317/5319/5320/5321/5323/5326/5327/5328/5329/5330/5331/5332/5333/5334/5335/5338/5342/5344/5345/5346/5348;Szikszó;22:26;22:26;1
2025-06-22;2226;VHJpcDoxOjIwOTQzNzUy;19721 VÍZIPÓK sebesvonat;S VÍZIPÓK;Budapest-Kelenföld;22:21;22:25;4
2025-06-22;2226;VHJpcDoxOjIwOTQzOTc5;19791  sebesvonat;S VÍZIPÓK;Káptalanfüred;22:25;22:26;2
2025-06-22;2120;VHJpcDoxOjIwOTUxMjY5;1878 BALATON InterCity;IC BALATON/KÉK HULLÁM/TÓPART;Balatonszárszó;23:12;21:19;0
2025-06-22;2120;VHJpcDoxOjI0ODk0ODkz;9181  személyvonat;Sz 9152/9153/9154/9155/9156/9157/9158/9159/9160/9162/9164/9165/9166/9168/9169/9170/9171/9174/9176/9178/9181/9183/9184/9185/9186/9188/9196/9198;Nagycenk;23:15;21:19;0
2025-06-22;2120;VHJpcDoxOjI1NDczODM3;9068  sebesvonat;S VÍZIPÓK;Martonvásár;23:09;21:19;0
2025-06-22;2120;VHJpcDoxOjIzNzg3NTQ3;7238  személyvonat;Sz 7228/7238;Martfű;23:18;21:17;0
2025-06-22;2120;VHJpcDoxOjIwOTQ1MDQ3;19631  személyvonat;Sz 19613/19614/19615/19616/19622/19623/19624/19625/19626/19627/19631;Alsógyenes;23:19;21:19;0
2025-06-22;2120;VHJpcDoxOjI1MDAyNzU4;2171  személyvonat;S72;Szélhegy;23:19;21:19;0
2025-06-22;2120;VHJpcDoxOjI0NjYxNTQ2;4238  személyvonat;S42;Érd;23:19;21:19;0
2025-06-22;2120;VHJpcDoxOjIwOTQyOTQ0;36441  személyvonat;Sz 36410/36412/36413/36415/36423/36424/36432/36438/36441/36443;Hajnalos;23:19;21:19;0
2025-06-22;2120;VHJpcDoxOjIwOTQ0ODk2;5018  személyvonat;S80;Rákoscsaba-Újtelep;23:14;21:19;0
2025-06-22;2120;VHJpcDoxOjI0NjY4NTAx;3368  személyvonat;S60;Nagykáta;22:53;21:19;0
2025-06-22;2120;VHJpcDoxOjI1MTU5NTcw;5758  személyvonat;S820;Portelek;23:09;21:19;0
2025-06-22;2120;VHJpcDoxOjIwOTQ0NTIw;9458  személyvonat;Sz 19418/19421/19422/19423/19447/9412/9414/9416/9417/9418/9419/9420/9425/9427/9431/9434/9437/9438/9441/9442/9443/9445/9448/9456/9458/9467;Mosonmagyaróvár;23:11;21:19;0
2025-06-22;2120;VHJpcDoxOjI0MDIzMTE1;8848  személyvonat;Sz 18832/18843/18846/8830/8831/8835/8836/8839/8846/8848/8849;Pamuk;23:05;21:19;0
2025-06-22;2120;VHJpcDoxOjIzNzY4MDIx;5848  személyvonat;Sz 5810/5811/5812/5813/5814/5815/5816/5818/5819/5820/5821/5822/5823/5824/5825/5826/5827/5828/5829/5831/5832/5833/5834/5835/5836/5837/5838/5839/5843/5846/5847/5848;Tar;23:18;21:18;0
2025-06-22;2120;VHJpcDoxOjI0Njc0NTkz;7451  személyvonat;Sz 7451;Gyoma;23:10;21:18;0
2025-06-22;2120;VHJpcDoxOjI0NDQxMjkx;36028  személyvonat;Sz 36011/36012/36013/36014/36015/36016/36017/36018/36019/36020/36022/36023/36026/36027/36028/36029;Apagy;23:19;21:19;0
2025-06-22;2120;VHJpcDoxOjIzNTMyNzEy;6238  személyvonat;Sz 6212/6213/6216/6219/6220/6222/6228/6236/6237/6238/6243/6249;Gégény;23:17;21:19;0
2025-06-22;2120;VHJpcDoxOjIwOTQzMTM3;39558  személyvonat;Sz 39541/39546/39548/39549/39552/39553/39555/39557/39558/39566/39569;Pannonhalma;23:10;21:19;0
2025-06-22;2130;VHJpcDoxOjI1MDAyODQw;2551  személyvonat;S71;Fót;23:28;21:28;0
2025-06-22;2130;VHJpcDoxOjIzNzY4MDI5;5831  személyvonat;Sz 5810/5811/5812/5813/5814/5815/5816/5818/5819/5820/5821/5822/5823/5824/5825/5826/5827/5828/5829/5831/5832/5833/5834/5835/5836/5837/5838/5839/5843/5846/5847/5848;Apc-Zagyvaszántó;23:27;21:29;0
2025-06-22;2130;VHJpcDoxOjIwOTQzNTAy;32258  személyvonat;S750;Diósjenő;23:25;21:28;0
2025-06-22;2130;VHJpcDoxOjI0NDQxNDY4;6098 CÍVIS InterRégió;IR CÍVIS;Cegléd;23:28;21:27;0
2025-06-22;2130;VHJpcDoxOjI1MjU4Mzk2;4951  személyvonat;S10;Tata;23:26;21:28;0
2025-06-22;2130;VHJpcDoxOjI0Njc0NzIy;8208  személyvonat;Sz 8201/8202/8204/8205/8206/8207/8208/8210/8212/8213/8217/8218/8219/8222/8225/8236;Jákó-Nagybajom;23:17;21:29;0
2025-06-22;2130;VHJpcDoxOjIzNzg3NjE2;4768  személyvonat;G44;Budapest-Kelenföld;23:26;21:29;0
2025-06-22;2130;VHJpcDoxOjI1NDgyOTQ4;7028  sebesvonat;S 7028;Nagykőrös;23:29;21:28;0
2025-06-22;2130;VHJpcDoxOjIzNzg3NTQx;3351  személyvonat;S60;Sülysáp;23:28;21:29;0
2025-06-22;2130;VHJpcDoxOjI0NjYyMTkx;9838  személyvonat;Sz 19818/9811/9814/9815/9818/9819/9823/9826/9829/9836/9838/9846;Zalaszentiván;23:14;21:29;0
2025-06-22;2130;VHJpcDoxOjIwOTQzOTIy;19758 BAGOLYVONAT személyvonat;Sz BAGOLYVONAT;Füle;23:22;21:29;0
2025-06-22;2130;VHJpcDoxOjIwOTQ1MTU3;8961  személyvonat;Sz 8961;Szigetvár;23:19;21:29;0
2025-06-22;2130;VHJpcDoxOjI0NDQxNDY3;6088 CÍVIS InterRégió;IR CÍVIS;Kisújszállás;23:24;21:29;0
2025-06-22;2130;VHJpcDoxOjI0NzE0MzEw;8251  személyvonat;Sz 8251;Dombóvár alsó;23:16;21:28;0
2025-06-22;2140;VHJpcDoxOjIwOTQ0NjQz;19751 BAGOLYVONAT személyvonat;Sz BAGOLYVONAT;Aszófő;23:38;21:39;0
2025-06-22;2140;VHJpcDoxOjIwOTQ1NTIz;18521 BAGOLYVONAT személyvonat;Sz BAGOLYVONAT;Szabadisóstó;23:34;21:38;0
2025-06-22;2140;VHJpcDoxOjIwOTQzNjY3;5158  személyvonat;Sz 15121/15130/5110/5111/5120/5123/5128/5129/5140/5158;Taktaharkány;23:37;21:39;0
2025-06-22;2140;VHJpcDoxOjIwOTQ1MTAx;18738 BAGOLYVONAT személyvonat;Sz BAGOLYVONAT;Balatonszéplak felső;23:39;21:39;0
2025-06-22;2140;VHJpcDoxOjI1Mjk1NzQx;36738  személyvonat;S506;Konyár;23:40;21:39;0
2025-06-22;2140;VHJpcDoxOjI0Njc0NTk5;37038  személyvonat;Sz 37019/37021/37030/37038;Mezőkovácsháza felső;23:39;21:39;0
2025-06-22;2140;VHJpcDoxOjIwOTQ1MTIy;5338  személyvonat;Sz 5312/5315/5317/5319/5320/5321/5323/5326/5327/5328/5329/5330/5331/5332/5333/5334/5335/5338/5342/5344/5345/5346/5348;Csobád;23:39;21:39;0
2025-06-22;2140;VHJpcDoxOjIzNzMyMjQ3;4958  személyvonat;S10;Almásfüzitő felső;23:38;21:38;0
2025-06-22;2140;VHJpcDoxOjI0NjYyMTY2;3061  személyvonat;Sz 3061;Pécel;23:38;21:38;0
2025-06-22;2140;VHJpcDoxOjIzNzg3NTcy;4968  személyvonat;S10;Budaörs;23:36;21:39;0
2025-06-22;2140;VHJpcDoxOjI1MDAyNjk1;2188  személyvonat;S72;Újpest;23:28;21:39;0
2025-06-22;2140;VHJpcDoxOjI0NjI5MzAz;3078 MÁTRA InterRégió;IR85;Vámosgyörk;23:35;21:39;0
2025-06-22;2140;VHJpcDoxOjIwOTQ0Mzc4;6338  személyvonat;Sz 16336/16338/6310/6312/6313/6314/6315/6316/6318/6319/6322/6323/6324/6325/6328/6329/6336/6338/6339/6347;Nyírmihálydi;23:39;21:38;0
2025-06-22;2140;VHJpcDoxOjIzODMzNjc4;3378  személyvonat;S60;Szőlősnyaraló;23:38;21:39;0
2025-06-22;2140;VHJpcDoxOjIzNzg3NTM3;3361  személyvonat;Sz 3310/3361;Újszász;23:34;21:39;0
2025-06-22;2150;VHJpcDoxOjIzNzg3NTgz;2638  személyvonat;S50;Ceglédbercel;23:48;21:49;0
2025-06-22;2150;VHJpcDoxOjIzMjk4OTE5;9 TRANSCARPATHIA gyorsvonat;Gy TRANSCARPATHIA;Nyíregyháza;01:10;21:50;0
2025-06-22;2150;VHJpcDoxOjI1MDA2ODQ0;2598  személyvonat;S71;Veresegyház;23:47;21:50;0
2025-06-22;2150;VHJpcDoxOjI1MDMzNDE3;2181  személyvonat;S72;Dorog;23:43;21:49;0
2025-06-22;2150;VHJpcDoxOjI1MDMzNDE1;2361  személyvonat;S70;Alsógöd;23:47;21:49;0
2025-06-22;2150;VHJpcDoxOjIwOTQ0NTc0;19798  személyvonat;Sz 19751/19752/19761/19781/19788/19798/9759/9760/9761/9770/9772;Balatonrendes;23:48;21:49;0
2025-06-22;2200;VHJpcDoxOjI0NjYyMDUx;9919  személyvonat;Sz 19928/19938/9912/9914/9916/9919/9928/9929/9937/9938/9958;Fertőszentmiklós;04:03;21:59;1077
2025-06-22;2200;VHJpcDoxOjI1MTU5NTU3;3068  személyvonat;S80;Kőbánya felső;00:05;21:59;1315
2025-06-22;2210;VHJpcDoxOjIzNzg3NjA0;4148  személyvonat;S40;Barosstelep;00:08;22:09;0
2025-06-22;2210;VHJpcDoxOjIzNzg3NTM1;3388  személyvonat;S60;Kőbánya felső;23:55;22:09;0
2025-06-22;2220;VHJpcDoxOjI0NjYyMTYx;5008  sebesvonat;S TISZA-TÓ;Nyékládháza;00:18;22:19;0
2025-06-22;2220;VHJpcDoxOjIwOTQ0OTMy;19610 BAGOLYVONAT személyvonat;Sz BAGOLYVONAT;Alsógyenes;00:18;22:19;1321
2025-06-22;2220;VHJpcDoxOjIwOTQ0NDQz;19790 BAGOLYVONAT személyvonat;Sz BAGOLYVONAT;Aszófő;00:20;22:19;1320
2025-06-22;2230;VHJpcDoxOjI0MDM2MTQ2;18611 BAGOLYVONAT személyvonat;Sz BAGOLYVONAT;Fonyód;00:31;22:29;0
2025-06-22;2230;VHJpcDoxOjI1MDMzMTUx;2360  személyvonat;S70;Alsógöd;00:28;22:29;1322
2025-06-22;2230;VHJpcDoxOjIzODUwNzgx;4770  személyvonat;G44;Budapest-Kelenföld;00:26;22:29;1324
2025-06-22;2240;VHJpcDoxOjIzODMzNzA5;4810  személyvonat;S10;Budaörs;00:36;22:38;1323
2025-06-22;2300;VHJpcDoxOjIzNzg3NjAz;4110  személyvonat;S40;Budapest-Kelenföld;00:56;22:59;1323
2025-06-22;2300;VHJpcDoxOjI0MDM2MTQ1;18618 BAGOLYVONAT személyvonat;Sz BAGOLYVONAT;Szántód;00:52;22:59;0
2025-06-22;2300;VHJpcDoxOjIwOTQ2NzAw;3610  személyvonat;S60;Kőbánya felső;00:55;22:58;1324
2025-06-22;2300;VHJpcDoxOjI1MDMzMjE4LjIyMzQxMDk5;2510  személyvonat;S71;Fótfürdő;00:59;23:00;1321
2025-06-22;2310;VHJpcDoxOjI0NjI5NDAz;5040  személyvonat;Sz 5040;Kőbánya felső;04:05;23:03;1138
2025-06-22;2310;VHJpcDoxOjIwOTQ0NjA4;3030  személyvonat;S80;Rákos;01:05;23:09;1325
2025-06-22;2310;VHJpcDoxOjI1MDMzMjE5LjIyMzMzMjkw;2310  személyvonat;S70;Dunakeszi alsó;01:29;23:02;1294
2025-06-22;2310;VHJpcDoxOjIwOTQ1NDkw;18619 BAGOLYVONAT személyvonat;Sz BAGOLYVONAT;Balatonszentgyörgy;01:59;22:58;1259
2025-06-22;2310;VHJpcDoxOjIwOTQzOTc3;19779 BAGOLYVONAT személyvonat;Sz BAGOLYVONAT;Székesfehérvár;01:01;23:03;0
2025-06-22;2320;VHJpcDoxOjI1MDMzNDE2LjIyMzQyNDk0;2010  személyvonat;S72;Szabadságliget;01:19;23:19;1321
2025-06-22;2340;VHJpcDoxOjI0ODUyNjc4;346 DACIA EuroCity;EC DACIA;Lőkösháza;01:20;23:34;0
2025-06-22;2350;VHJpcDoxOjIwOTQ1MDI1;18610 BAGOLYVONAT személyvonat;Sz BAGOLYVONAT;Székesfehérvár;01:46;23:43;1318
2025-06-23;0000;VHJpcDoxOjI0Mjg3OTQ5;10 TRANSCARPATHIA gyorsvonat;Gy TRANSCARPATHIA;Debrecen;01:57;23:59;0
2025-06-23;0010;VHJpcDoxOjI1Mjk1NzU1;36710  személyvonat;S506;Sáránd;02:08;00:07;0
2025-06-23;0041;VHJpcDoxOjI1MjUyMjgz;2909  személyvonat;Z21;Felsőlajos;02:46;00:40;0
2025-06-23;0050;VHJpcDoxOjI0NjY4NTUw;6009 CÍVIS InterRégió;IR CÍVIS;Hajdúszoboszló;02:49;00:49;0
2025-06-23;0102;VHJpcDoxOjI0NjY4NTI4;38319  személyvonat;Sz 38318/38319;Karád;03:02;01:01;0
2025-06-23;0102;VHJpcDoxOjIwOTQzMDA3;5119  személyvonat;Sz 5119;Nyírtelek;03:09;01:01;0
2025-06-23;0702;VHJpcDoxOjI0ODUyMjIw;146 TISZA - SZAMOS EuroCity;EC HORTOBÁGY/TISZA - SZAMOS;Kisvárda;09:53;06:26;0
2025-06-23;0702;VHJpcDoxOjI0NjIyNzEw;7707  személyvonat;Sz 7700/7701/7702/7704/7705/7706/7707/7708/7711/7712/7714/7717/7738;Telekgerendás;08:57;06:57;0
2025-06-23;0702;VHJpcDoxOjIwOTQzNjE5;36410  személyvonat;Sz 36410/36412/36413/36415/36423/36424/36432/36438/36441/36443;Görögszállás;04:45;03:00;0
2025-06-23;0702;VHJpcDoxOjI1NDgyODgz;712 ALFÖLD Expresszvonat;Ex ALFÖLD;Nagykőrös;08:59;07:01;0
2025-06-23;0702;VHJpcDoxOjI1NDc0MDAx;254 MURA InterCity;IC DRÁVA/MURA;Tatabánya;08:59;07:02;0
2025-06-23;0702;VHJpcDoxOjIwOTQ0Mzk1;3537  személyvonat;G43;Budatétény;09:01;07:02;0
2025-06-23;0702;VHJpcDoxOjI1MTU5NDYy;7022  személyvonat;Sz 7012/7013/7016/7018/7022/7027/7037;Csengele;08:55;06:57;0
2025-06-23;0702;VHJpcDoxOjIwOTQ0MjEy;36112  személyvonat;Sz 36112/36116/36117;Nyírbátor;08:56;06:56;0
2025-06-23;0702;VHJpcDoxOjI1MDAyNTU2;2342  személyvonat;Z70;Szob alsó;09:01;07:01;0
2025-06-23;0702;VHJpcDoxOjI0ODk0OTk3LjIyMjI2MjMx;9162  személyvonat;Sz 9150/9151/9156/9160/9161/9162/9163/9167/9168/9169/9170/9171/9173/9174/9175/9176/9177/9184/9185/9186/9193/9196;Szombathely;08:58;07:00;0
2025-06-23;0702;VHJpcDoxOjIzMDEzMDgw;2832  személyvonat;Z50;Ceglédbercel-Cserő;09:01;07:01;0
2025-06-23;0702;VHJpcDoxOjIwOTQ0MDQy;8307 GEMENC InterRégió;IR GEMENC;Sárbogárd;08:55;07:02;0
2025-06-23;0702;VHJpcDoxOjI1MjUwMzM2LjIyNDE4MTI2;2922  személyvonat;Z21;Örkény;08:56;06:58;0
2025-06-23;0702;VHJpcDoxOjIwOTQ1MTIx;877 BALATON InterCity;IC BALATON/KÉK HULLÁM/TÓPART;Balatonszentgyörgy;08:59;07:00;0
2025-06-23;0702;VHJpcDoxOjIwOTUxMjcx;18407 DÉLI <- PARTI InterRégió;IR DÉLI -> PARTI/DÉLI <- PARTI/KATICA;Fonyód;08:56;06:56;0
2025-06-23;0702;VHJpcDoxOjIwOTQ0Njkz;8392 GEMENC InterRégió;IR GEMENC;Sárbogárd;08:54;06:59;0
2025-06-23;0702;VHJpcDoxOjIzMDEzMzcz;6007 CÍVIS InterRégió;IR CÍVIS;Szajol;09:00;07:02;0
2025-06-23;0702;VHJpcDoxOjI1MDAyNzI2;2067  személyvonat;Z72;Piliscsaba;08:59;07:01;0
2025-06-23;0702;VHJpcDoxOjI1NDgyODk2;727 ALFÖLD Expresszvonat;Ex ALFÖLD;Szatymaz;08:58;06:59;0
2025-06-23;0702;VHJpcDoxOjI1MTU5NTIx;32932  személyvonat;S74;Tokod;08:57;06:57;0
2025-06-23;0702;VHJpcDoxOjI1MjkwNDQz;182 HERNÁD InterCity;IC BORSOD/HERNÁD/HERNÁD - ZEMPLÉN;Halmaj;09:01;07:01;0
2025-06-23;0702;VHJpcDoxOjIwOTQyOTYz;32217  személyvonat;S750;Szokolya;08:57;07:02;0
2025-06-23;0702;VHJpcDoxOjIzNDAzNTYy;5169  személyvonat;Sz 5112/5113/5114/5115/5116/5117/5118/5122/5124/5125/5127/5133/5134/5135/5136/5138/5139/5144/5145/5146/5147/5169;Mezőkövesd felső;08:53;07:02;0
2025-06-23;0702;VHJpcDoxOjI0MTEzNjY4;39847  személyvonat;Sz 39840/39841/39843/39844/39845/39846/39847/39849/39851/39853/39856;Jánossomorja;09:00;07:02;0
2025-06-23;0702;VHJpcDoxOjIzNzcwNjg1;5847  személyvonat;Sz 5810/5811/5812/5813/5814/5815/5816/5818/5819/5820/5821/5822/5823/5824/5825/5826/5827/5828/5829/5831/5832/5833/5834/5835/5836/5837/5838/5839/5843/5846/5847/5848;Tar;09:00;07:01;0
2025-06-23;0702;VHJpcDoxOjIwOTQ0MDcx;8222  személyvonat;Sz 8201/8202/8204/8205/8206/8207/8208/8210/8212/8213/8217/8218/8219/8222/8225/8236;Kaposmérő;08:56;07:02;0
2025-06-23;0702;VHJpcDoxOjIwOTQ2ODQy;19707 KÉK HULLÁM InterCity;IC BALATON/KÉK HULLÁM/TÓPART;Balatonfüred;08:55;06:58;0
2025-06-23;0702;VHJpcDoxOjIwOTQ0NDY1;9227  személyvonat;Sz 19261/9210/9211/9212/9213/9214/9215/9216/9217/9218/9219/9221/9222/9223/9224/9225/9226/9227/9229/9236/9238/9239/9248;Pápa;09:00;07:02;0
2025-06-23;0702;VHJpcDoxOjI0NTM3NjEw;8062  személyvonat;Sz 18050/8051/8052/8053/8054/8055/8056/8057/8058/8059/8060/8061/8062/8063/8064/8065/8066/8067/8068;Bicsérd;08:53;07:00;0
2025-06-23;0702;VHJpcDoxOjI0MDIzNDY0;37320  személyvonat;Sz 37310/37311/37312/37314/37315/37317/37318/37319/37320/37322/37323/37324/37325/37326/37327/37329/37351;Orosháza;08:25;06:33;0
2025-06-23;0702;VHJpcDoxOjI0NjYyMTQw;39812  személyvonat;Sz 39812/39824;Csorna;08:11;06:13;0
2025-06-23;0702;VHJpcDoxOjIwOTQ1NDQy;4537  személyvonat;Z30;Agárd;08:58;07:01;0
2025-06-23;0702;VHJpcDoxOjI0NzE0MjMz;3147  személyvonat;S80;Pécel;08:58;07:00;0
2025-06-23;0702;VHJpcDoxOjIwOTQ0NDgz;5437  személyvonat;Sz 5410/5413/5414/5415/5416/5417/5418/5419/5421/5422/5424/5425/5433/5436/5437/5438;Sajóecseg;09:01;07:02;0
2025-06-23;0702;VHJpcDoxOjIwOTQzODQ3;9442  személyvonat;Sz 19418/19421/19422/19423/19447/9412/9414/9416/9417/9418/9419/9420/9425/9427/9431/9434/9437/9438/9441/9442/9443/9445/9448/9456/9458/9467;Lébény-Mosonszentmiklós;08:59;07:02;0
2025-06-23;0702;VHJpcDoxOjIwOTQ1MDcz;32432  személyvonat;Sz 32415/32423/32432;Mátészalka;08:52;07:01;0
2025-06-23;0702;VHJpcDoxOjI1MDAyNjU1;2367  személyvonat;Z70;Zebegény;09:01;07:02;0
2025-06-23;0702;VHJpcDoxOjIwOTQ2OTc0;6002 CÍVIS InterRégió;IR CÍVIS;Szajol;08:59;07:01;0
2025-06-23;0702;VHJpcDoxOjI1MjQ5Mzk0;32927  személyvonat;S74;Tokod;09:00;07:02;0
2025-06-23;0702;VHJpcDoxOjI1NDczOTAy;8899 FENYVES Expresszvonat;Ex FENYVES;Lengyeltóti;09:00;07:02;0
2025-06-23;0702;VHJpcDoxOjI1MjU0Nzgz;4927  személyvonat;S10;Szár;08:49;07:01;0
2025-06-23;0702;VHJpcDoxOjI1MDAyNzIz;2057  személyvonat;Z72;Újpest;08:57;07:00;0
2025-06-23;0702;VHJpcDoxOjI1NDczODQw;9697 HELIKON InterRégió;IR HELIKON;Celldömölk;08:25;06:30;0
2025-06-23;0702;VHJpcDoxOjI0MDMwMTAx;37217  személyvonat;Sz 37212/37213/37214/37215/37216/37217/37218/37219/37225/37226;Tiszaalpár;09:00;07:01;0
2025-06-23;0702;VHJpcDoxOjIwOTQ2MTYw;7227  személyvonat;Sz 7202/7207/7211/7212/7213/7214/7215/7216/7217/7218/7221/7222/7224/7225/7226/7227/7229/7232/7234/7235/7236/7237/7239/7255;Kunszentmárton;08:58;06:59;0
2025-06-23;0702;VHJpcDoxOjIwOTQ0ODMx;38310  személyvonat;Sz 38310;Karád;05:09;03:05;0
2025-06-23;0702;VHJpcDoxOjI0NjYwOTIx;4232  személyvonat;S42;Budapest-Kelenföld;08:56;07:01;0
2025-06-23;0702;VHJpcDoxOjI1NDczODUx;9690 HELIKON InterRégió;IR HELIKON;Sümeg;08:58;07:00;0
2025-06-23;0702;VHJpcDoxOjI1MzI1NzQy;9169  személyvonat;Sz 9150/9151/9156/9160/9161/9162/9163/9167/9168/9169/9170/9171/9173/9174/9175/9176/9177/9184/9185/9186/9193/9196;Sopron;05:56;04:05;0
2025-06-23;0702;VHJpcDoxOjI1MDA2NjUw;2062  személyvonat;Z72;Újpest;08:59;07:01;0
2025-06-23;0702;VHJpcDoxOjIzNzcwNjc2;5832  személyvonat;Sz 5810/5811/5812/5813/5814/5815/5816/5818/5819/5820/5821/5822/5823/5824/5825/5826/5827/5828/5829/5831/5832/5833/5834/5835/5836/5837/5838/5839/5843/5846/5847/5848;Tar;08:57;07:00;0
2025-06-23;0702;VHJpcDoxOjI1NDgzMDU0;8802 FENYVES Expresszvonat;Ex FENYVES;Lengyeltóti;08:57;06:59;0
2025-06-23;0702;VHJpcDoxOjIwOTQzOTQ2;19787  személyvonat;Sz 19771/19773/19774/19775/19776/19777/19778/19782/19783/19784/19785/19786/19787;Badacsonytördemic-Szigliget;08:57;07:00;0
2025-06-23;0702;VHJpcDoxOjI0NjYyMDQ2;9932  személyvonat;Sz 9910/9915/9918/9920/9921/9923/9924/9925/9927/9930/9931/9932/9936/9941/9943/9948;Ikrény;08:58;07:02;0
2025-06-23;0702;VHJpcDoxOjIwOTU0ODIw;18502 DÉLI -> PARTI InterRégió;IR DÉLI -> PARTI/DÉLI <- PARTI/KATICA;Szabadbattyán;09:01;07:02;0
2025-06-23;0702;VHJpcDoxOjI0ODkyNDA0LjIyMjEzMTg4;34727  személyvonat;S431;Nagykarácsony felső;08:57;07:02;0
2025-06-23;0702;VHJpcDoxOjIzNzAyNDgy;962 GÖCSEJ InterCity;IC GÖCSEJ;Budapest-Kelenföld;09:06;07:01;0
2025-06-23;0713;VHJpcDoxOjIwOTQ0NTI5;32447  személyvonat;Sz 32422/32429/32430/32439/32447;Gacsály;09:12;07:12;0
2025-06-23;0713;VHJpcDoxOjI1MjUyMjkx;2937  személyvonat;Z21;Gyón;09:11;07:11;0
2025-06-23;0713;VHJpcDoxOjIzMDEzMzc0;6077 CÍVIS InterRégió;IR CÍVIS;Püspökladány;09:11;07:10;0
2025-06-23;0713;VHJpcDoxOjI0NzE0Mjgy;3032 MÁTRA InterRégió;IR85;Aszód;09:08;07:12;0
2025-06-23;0713;VHJpcDoxOjI1MjkwNDM5;184 HERNÁD InterCity;IC BORSOD/HERNÁD/HERNÁD - ZEMPLÉN;Hatvan;09:09;07:12;0
2025-06-23;0713;VHJpcDoxOjI0NDQxMzAz;6237  személyvonat;Sz 6212/6213/6216/6219/6220/6222/6228/6236/6237/6238/6243/6249;Tuzsér;09:11;07:11;0
2025-06-23;0713;VHJpcDoxOjI1MzI1ODA0LjIxNDE1NTUy;36727  személyvonat;S506;Konyári Sóstófürdő;09:11;07:12;0
2025-06-23;0713;VHJpcDoxOjIwOTQ2MTUz;7222  személyvonat;Sz 7202/7207/7211/7212/7213/7214/7215/7216/7217/7218/7221/7222/7224/7225/7226/7227/7229/7232/7234/7235/7236/7237/7239/7255;Tiszatenyő;09:11;07:12;0
2025-06-23;0713;VHJpcDoxOjI0NjYyMTAx;3227  személyvonat;S76;Újpest;09:12;07:12;0
2025-06-23;0713;VHJpcDoxOjI1MDAyNjk5;2532  személyvonat;S71;Csörög;09:13;07:12;0
2025-06-23;0713;VHJpcDoxOjI0Njc0Njky;5500 AGRIA InterRégió;IR87;Vámosgyörk;09:05;07:12;0
2025-06-23;0713;VHJpcDoxOjIzMDEzMDgy;2842  személyvonat;Z50;Kőbánya alsó;09:11;07:11;0
2025-06-23;0713;VHJpcDoxOjIwOTQ0MDQ2;3532  személyvonat;G43;Martonvásár;09:10;07:11;0
2025-06-23;0713;VHJpcDoxOjI0ODkyMzc0LjIyMjE1NDk5;822 KRESZ GÉZA InterCity;IC KRESZ GÉZA/RIPPL-RÓNAI/SOMOGY;Kaposvár;09:25;07:11;0
2025-06-23;0713;VHJpcDoxOjIzNjgyNTY4LjIxMjExMzg3;909 BAKONY InterCity;IC BAKONY;Székesfehérvár;09:11;07:12;0
2025-06-23;0713;VHJpcDoxOjIwOTQ0MTAw;8207  személyvonat;Sz 8201/8202/8204/8205/8206/8207/8208/8210/8212/8213/8217/8218/8219/8222/8225/8236;Kaposvár;09:11;07:12;0
2025-06-23;0713;VHJpcDoxOjIwOTUxMjcw;18509 DÉLI <- PARTI InterRégió;IR DÉLI -> PARTI/DÉLI <- PARTI/KATICA;Székesfehérvár;09:05;07:12;0
2025-06-23;0713;VHJpcDoxOjIzMDEzMjYy;2752  személyvonat;S50;Üllő;09:12;07:12;0
2025-06-23;0713;VHJpcDoxOjI0NTM0MDQz;8067  személyvonat;Sz 18050/8051/8052/8053/8054/8055/8056/8057/8058/8059/8060/8061/8062/8063/8064/8065/8066/8067/8068;Cserdi-Helesfa;09:08;07:12;0
2025-06-23;0713;VHJpcDoxOjIzMzk1MDIw;5117  személyvonat;Sz 5112/5113/5114/5115/5116/5117/5118/5122/5124/5125/5127/5133/5134/5135/5136/5138/5139/5144/5145/5146/5147/5169;Rakamaz;09:10;07:11;0
2025-06-23;0713;VHJpcDoxOjI0MDIzMzM3;37317  személyvonat;Sz 37310/37311/37312/37314/37315/37317/37318/37319/37320/37322/37323/37324/37325/37326/37327/37329/37351;Csabacsűd;09:11;07:12;0
2025-06-23;0713;VHJpcDoxOjIwOTQzNzEy;19712 VÍZIPÓK sebesvonat;S VÍZIPÓK;Alsóörs;09:13;07:12;0
2025-06-23;0713;VHJpcDoxOjI1MjU0ODM3;937 SAVARIA InterCity;IC SAVARIA;Répcelak;09:37;07:12;0
2025-06-23;0713;VHJpcDoxOjI0MDIzMzI3;37312  személyvonat;Sz 37310/37311/37312/37314/37315/37317/37318/37319/37320/37322/37323/37324/37325/37326/37327/37329/37351;Pusztabánréve;09:15;07:12;0
2025-06-23;0713;VHJpcDoxOjIwOTQ1MTM5;8900 PANNÓNIA InterRégió;IR PANNÓNIA;Szentlőrinc;09:14;07:11;0
2025-06-23;0713;VHJpcDoxOjI0ODczNTE5;842 TÓPART InterCity;IC BALATON/KÉK HULLÁM/TÓPART;Balatonszárszó;09:12;07:12;0
2025-06-23;0713;VHJpcDoxOjI0NzE0MjE2;3132  személyvonat;S80;Gödöllő-Állami telepek;09:08;07:12;0
2025-06-23;0713;VHJpcDoxOjIwOTQ1MzMy;38727  személyvonat;Sz 38711/38712/38713/38714/38716/38718/38723/38726/38727/38757;Váralja;09:13;07:13;0
2025-06-23;0713;VHJpcDoxOjIzNDAzNTY0;5267  személyvonat;Sz 5012/5015/5042/5267/5269;Felsőzsolca;09:12;07:11;0
2025-06-23;0713;VHJpcDoxOjIwOTQ2MzM5;16707 ARANYPART Expresszvonat;Ex ARANYPART/CSABAI TEKERGŐ/SZABOLCSI TEKERGŐ;Kisújszállás;09:06;07:11;0
2025-06-23;0713;VHJpcDoxOjIzNzAyNDkw;902 BAKONY InterCity;IC BAKONY;Pétfürdő;09:10;07:12;0
2025-06-23;0713;VHJpcDoxOjIwOTUxMjU4;39027  személyvonat;Sz 39012/39014/39016/39018/39021/39023/39025/39027/39029/39038;Rádiháza;09:09;07:12;0
2025-06-23;0713;VHJpcDoxOjI0ODUyNjY5;75 CLAUDIOPOLIS - FOGARAS InterCity;IC CLAUDIOPOLIS/CLAUDIOPOLIS - FOGARAS;Szolnok;10:31;07:12;0
2025-06-23;0713;VHJpcDoxOjI0Njc0NjI5;3357  személyvonat;Z60;Sülysáp;09:09;07:11;0
2025-06-23;0726;VHJpcDoxOjI0NDQxNDA3;36327  személyvonat;Sz 36310/36311/36312/36313/36314/36315/36316/36317/36318/36319/36320/36321/36322/36323/36324/36325/36326/36327/36328/36329/36333/36334/36335/36336/36338/36351/36358;Nagyecsed;09:24;07:25;0
2025-06-23;0726;VHJpcDoxOjIzNzMyMDU1;3462  személyvonat;S60;Kőbánya felső;09:25;07:25;0
2025-06-23;0726;VHJpcDoxOjI0ODk0OTky;9177  személyvonat;Sz 9150/9151/9156/9160/9161/9162/9163/9167/9168/9169/9170/9171/9173/9174/9175/9176/9177/9184/9185/9186/9193/9196;Újkér;09:24;07:25;0
2025-06-23;0726;VHJpcDoxOjIzNTMyNzA1;612 NYÍRSÉG InterCity;IC NYÍRSÉG/NYÍRSÉG - KRASZNA;Zugló;09:26;07:26;0
2025-06-23;0726;VHJpcDoxOjI1MDA2Nzk5;2477  személyvonat;S70;Dunakeszi;09:24;07:24;0
2025-06-23;0726;VHJpcDoxOjIwOTQ3Mjkz;9567  személyvonat;Sz 9551/9553/9554/9555/9556/9558/9559/9562/9563/9566/9567/9578;Zalacséb-Salomvár;09:24;07:24;0
2025-06-23;0726;VHJpcDoxOjI1Mjk1Njc4;39942  személyvonat;Sz 39910/39911/39912/39913/39914/39915/39916/39917/39918/39919/39921/39922/39923/39924/39925/39926/39927/39928/39929/39931/39932/39933/39934/39935/39936/39937/39938/39942/39943/39944/39946/39947/39948/39953;Kőszegfalva;09:25;07:25;0
2025-06-23;0726;VHJpcDoxOjIzNzMyMTA0;19742 KATICA InterRégió;IR DÉLI -> PARTI/DÉLI <- PARTI/KATICA;Székesfehérvár;09:16;07:13;0
2025-06-23;0726;VHJpcDoxOjI0OTA1OTY4;73 TRAIANUS InterCity;IC TRAIANUS;Gyoma;09:10;07:25;0
2025-06-23;0726;VHJpcDoxOjI1NDgyOTgx;1907 BAKONY InterCity;IC BAKONY;Boba;09:24;07:26;0
2025-06-23;0726;VHJpcDoxOjI0NDQxNDcw;6227  személyvonat;Sz 6214/6216/6219/6223/6225/6227/6229/6232/6233/6234/6247/6249/6259/6266/6276;Nyíregyháza;09:14;07:15;0
2025-06-23;0726;VHJpcDoxOjI1MTYyNjkw;37527  személyvonat;Sz 37510/37511/37512/37513/37514/37515/37516/37517/37519/37520/37523/37524/37526/37527;Dévaványa;09:35;07:25;0
2025-06-23;0726;VHJpcDoxOjIzNTMyNzE4;617 NYÍRSÉG InterCity;IC NYÍRSÉG/NYÍRSÉG - KRASZNA;Nyíregyháza;09:27;07:25;0
2025-06-23;0726;VHJpcDoxOjI0ODUyNjY0;78 MUNTENIA InterCity;IC MUNTENIA;Lőkösháza;08:44;07:21;0
2025-06-23;0726;VHJpcDoxOjIwOTQ0OTgw;18852  személyvonat;Sz 18841/18842/18852/8840;Osztopán;09:17;07:25;0
2025-06-23;0726;VHJpcDoxOjI1MDA2Nzc1;2472  személyvonat;S70;Dunakeszi alsó;09:26;07:25;0
2025-06-23;0726;VHJpcDoxOjI1MTU5NDQ5;31927  személyvonat;Sz 31910/31911/31913/31914/31916/31927;Rábapordány;09:24;07:24;0
2025-06-23;0726;VHJpcDoxOjIzMzYxOTA3;5112  személyvonat;Sz 5112/5113/5114/5115/5116/5117/5118/5122/5124/5125/5127/5133/5134/5135/5136/5138/5139/5144/5145/5146/5147/5169;Miskolc-Tiszai;09:24;07:25;0
2025-06-23;0726;VHJpcDoxOjI0Njc0NjMx;3367  személyvonat;Z60;Újszász;09:21;07:24;0
2025-06-23;0726;VHJpcDoxOjI1MDA2NzUz;2557  személyvonat;S71;Fótújfalu;09:25;07:25;0
2025-06-23;0726;VHJpcDoxOjI0NzE0MjE3;3142  személyvonat;S80;Kőbánya felső;09:10;07:25;0
2025-06-23;0726;VHJpcDoxOjI1NDczOTAz;8897 FENYVES Expresszvonat;Ex FENYVES;Balatonederics;09:24;07:26;0
2025-06-23;0726;VHJpcDoxOjI0Njc0Njg5;547 AGRIA InterRégió;IR87;Bag;09:25;07:25;0
2025-06-23;0726;VHJpcDoxOjI0NzE0MTM4;3452  személyvonat;S60;Maglódi nyaraló;09:19;07:26;0
2025-06-23;0726;VHJpcDoxOjI0MDIzMzg3;580 TOKAJ InterCity;IC TOKAJ;Szolnok;09:19;07:24;0
2025-06-23;0726;VHJpcDoxOjIwOTQzMDc2;37732  személyvonat;Sz 37710/37711/37732/37751;Szeghalom;09:21;07:20;0
2025-06-23;0726;VHJpcDoxOjIzNzUwMTM1;3437  személyvonat;S60;Rákoshegy;09:21;07:25;0
2025-06-23;0726;VHJpcDoxOjI0NDQxNDA1;36322  személyvonat;Sz 36310/36311/36312/36313/36314/36315/36316/36317/36318/36319/36320/36321/36322/36323/36324/36325/36326/36327/36328/36329/36333/36334/36335/36336/36338/36351/36358;Nagyecsed;09:19;07:20;0
2025-06-23;0726;VHJpcDoxOjI0MDIzNTY1;37647  személyvonat;Sz 37631/37633/37634/37636/37643/37644/37647/37648;Sarkad;09:38;07:19;0
2025-06-23;0730;VHJpcDoxOjI0Njc0Nzky;35732  személyvonat;Sz 35713/35714/35717/35724/35725/35726/35732;Jászkisér;09:29;07:28;0
2025-06-23;0730;VHJpcDoxOjI0ODkyMzc1LjIyMjE0OTM3;8012  személyvonat;S40;Kurd;09:29;07:29;0
2025-06-23;0730;VHJpcDoxOjI0ODUyMjI1;367 HARGITA InterCity;IC CORONA/HARGITA;Debrecen;09:27;07:27;0
2025-06-23;0730;VHJpcDoxOjIwOTQyNjMy;35227  személyvonat;Sz 35210/35211/35212/35213/35214/35215/35216/35217/35218/35219/35221/35222/35223/35224/35225/35226/35227/35228/35238;Mád;09:28;07:30;0
2025-06-23;0730;VHJpcDoxOjIzMDEzMjYz;2762  személyvonat;S50;Szemeretelep;09:28;07:29;0
2025-06-23;0730;VHJpcDoxOjIwOTQ0OTMw;4542  személyvonat;Z30;Érd alsó;09:26;07:30;0
2025-06-23;0730;VHJpcDoxOjIyNzEyNDQz;4932  személyvonat;S10;Tóvároskert;09:23;07:29;0
2025-06-23;0730;VHJpcDoxOjI1MjU4NDkz;34 LATORCA InterCity;IC LATORCA;Püspökladány;09:27;07:28;0
2025-06-23;0730;VHJpcDoxOjIwOTQ2Mjgw;35727  személyvonat;Sz 35711/35715/35716/35722/35723/35727;Jászladány;09:12;07:29;0
2025-06-23;0730;VHJpcDoxOjI1MTU5NTc0;5737  személyvonat;S820;Pusztamonostor;09:25;07:30;0
2025-06-23;0730;VHJpcDoxOjI0NzE0Mjc2;557 AGRIA InterRégió;IR87;Füzesabony;09:26;07:29;0
2025-06-23;0730;VHJpcDoxOjI0NjYyMDcx;3252  személyvonat;S76;Üröm;09:29;07:30;0
2025-06-23;0730;VHJpcDoxOjI0ODUyNjg2;378 BÉGA InterCity;IC BÉGA/BÉKÉS/ISTER/KÖRÖS/MAROS/ZARÁND;Szolnok;09:28;07:30;0
2025-06-23;0730;VHJpcDoxOjI0NjYyMTAz;3237  személyvonat;S76;Solymár;09:28;07:29;0
2025-06-23;0730;VHJpcDoxOjIxMTUwNzI5;8122  személyvonat;Sz 8110/8111/8112/8113/8115/8116/8117/8118/8119/8121/8122/8123/8124/8126;Vokány;09:20;07:30;0
2025-06-23;0730;VHJpcDoxOjI0MDIzNTE5;36027  személyvonat;Sz 36011/36012/36013/36014/36015/36016/36017/36018/36019/36020/36022/36023/36026/36027/36028/36029;Vásárosnamény külső;09:37;07:30;0
2025-06-23;0730;VHJpcDoxOjI1NDczODk4;8804 FENYVES Expresszvonat;Ex FENYVES;Dombóvár alsó;09:23;07:30;0
2025-06-23;0730;VHJpcDoxOjIwOTQ0MzY2;6347  személyvonat;Sz 16336/16338/6310/6312/6313/6314/6315/6316/6318/6319/6322/6323/6324/6325/6328/6329/6336/6338/6339/6347;Nyírbátor;09:27;07:29;0
2025-06-23;0730;VHJpcDoxOjIwOTQ1MDgy;4342  személyvonat;S40;Budapest-Kelenföld;09:26;07:29;0
2025-06-23;0730;VHJpcDoxOjIzODMzNjg1;19747 KATICA InterRégió;IR DÉLI -> PARTI/DÉLI <- PARTI/KATICA;Balatonalmádi;09:28;07:30;0
2025-06-23;0730;VHJpcDoxOjIzNDAzNTYw;5315  személyvonat;Sz 5312/5315/5317/5319/5320/5321/5323/5326/5327/5328/5329/5330/5331/5332/5333/5334/5335/5338/5342/5344/5345/5346/5348;Méra;09:29;07:30;0
2025-06-23;0730;VHJpcDoxOjI0ODUyNTg4;857 TÓPART InterCity;IC BALATON/KÉK HULLÁM/TÓPART;Zalaszentjakab;09:27;07:30;0
2025-06-23;0730;VHJpcDoxOjI1MDMyMDE3;18702 JÉGMADÁR Expresszvonat;Ex JÉGMADÁR;Velence;09:28;07:30;0
2025-06-23;0730;VHJpcDoxOjI1MzI1NzY2;650 TOKAJ InterCity;IC TOKAJ;Nyíregyháza;09:28;07:27;0
2025-06-23;0730;VHJpcDoxOjI1MjgyNzIy;992 SCARBANTIA InterCity;IC SCARBANTIA;Budapest-Kelenföld;09:28;07:29;0
2025-06-23;0740;VHJpcDoxOjI1MzI1NzIw;39947  személyvonat;Sz 39910/39911/39912/39913/39914/39915/39916/39917/39918/39919/39921/39922/39923/39924/39925/39926/39927/39928/39929/39931/39932/39933/39934/39935/39936/39937/39938/39942/39943/39944/39946/39947/39948/39953;Lukácsháza;09:37;07:39;0
2025-06-23;0740;VHJpcDoxOjIwOTQzMDU3;19722 VÍZIPÓK sebesvonat;S VÍZIPÓK;Budapest-Kelenföld;09:36;07:37;0
2025-06-23;0740;VHJpcDoxOjIwOTQ2MzEy;15607 EZÜSTPART Expresszvonat;Ex EZÜSTPART;Budapest-Kelenföld;09:33;07:34;0
2025-06-23;0740;VHJpcDoxOjIzODMzNTgx;33522  személyvonat;S780;Aszód;09:35;07:34;0
2025-06-23;0740;VHJpcDoxOjI1MTU5NTQx;32915  személyvonat;S74;Nyergesújfalu felső;09:38;07:39;0
2025-06-23;0740;VHJpcDoxOjIwOTQ1NDI4;5422  személyvonat;Sz 5410/5413/5414/5415/5416/5417/5418/5419/5421/5422/5424/5425/5433/5436/5437/5438;Bánréve;09:30;07:40;0
2025-06-23;0740;VHJpcDoxOjI0OTA1OTYx;15502 TISZA-TÓ sebesvonat;S TISZA-TÓ;Füzesabony;09:25;07:38;0
2025-06-23;0740;VHJpcDoxOjI0NjczOTc2;3897  személyvonat;S36;Budapest-Kelenföld;09:36;07:39;0
2025-06-23;0740;VHJpcDoxOjI1MDAyNzMx;2087  személyvonat;Z72;Esztergom-Kertváros;09:39;07:39;0
2025-06-23;0740;VHJpcDoxOjIwOTQ0NzM5;520 ZEMPLÉN InterCity;IC ZEMPLÉN;Sárospatak;09:40;07:39;0
2025-06-23;0740;VHJpcDoxOjI1MjU0ODgz;141 SEMMELWEIS EuroCity;EC ADVENT/CSÁRDÁS/LEHÁR/LISZT FERENC/SEMMELWEIS;Hegyeshalom;09:25;07:35;0
2025-06-23;0740;VHJpcDoxOjI0Njc0NjQ5;3447  személyvonat;S60;Gyömrő;09:36;07:39;0
2025-06-23;0740;VHJpcDoxOjIwOTQ0NDE1;39517  személyvonat;Sz 39511/39512/39513/39514/39515/39516/39517/39518/39522/39523/39524/39525/39526/39527;Győr-Gyárváros;09:39;07:39;0
2025-06-23;0740;VHJpcDoxOjIwOTQ1MTQw;8902 PANNÓNIA InterRégió;IR PANNÓNIA;Gyékényes;09:21;07:37;0
2025-06-23;0740;VHJpcDoxOjIwOTQ0Mzcy;6322  személyvonat;Sz 16336/16338/6310/6312/6313/6314/6315/6316/6318/6319/6322/6323/6324/6325/6328/6329/6336/6338/6339/6347;Hajdúsámson;09:37;07:40;0
2025-06-23;0740;VHJpcDoxOjI0MDIzMzcy;36022  személyvonat;Sz 36011/36012/36013/36014/36015/36016/36017/36018/36019/36020/36022/36023/36026/36027/36028/36029;Nyíregyháza külső;09:39;07:39;0
2025-06-23;0740;VHJpcDoxOjIwOTQyOTk1;35517  személyvonat;Sz 35512/35513/35514/35515/35516/35517/35522/35523;Almár;09:38;07:38;0
2025-06-23;0740;VHJpcDoxOjI1MjU0Nzg5;4937  személyvonat;S10;Tata;09:26;07:40;0
2025-06-23;0740;VHJpcDoxOjIzMDEzMjY0;2772  személyvonat;S50;Zugló;09:40;07:39;0
2025-06-23;0740;VHJpcDoxOjI1MTYyNjY3;7402 BÉKÉS InterRégió;IR BÉKÉS;Szolnok;09:31;07:38;0
2025-06-23;0750;VHJpcDoxOjIyNzEzNjU1;4942  személyvonat;S10;Biatorbágy;09:44;07:49;0
2025-06-23;0750;VHJpcDoxOjI0NzE0MTUx;7407 BÉKÉS InterCity;IC BÉGA/BÉKÉS/ISTER/KÖRÖS/MAROS/ZARÁND;Gyoma;09:46;07:50;0
2025-06-23;0750;VHJpcDoxOjIzNTMyNzAy;6212  személyvonat;Sz 6212/6213/6216/6219/6220/6222/6228/6236/6237/6238/6243/6249;Tuzsér;09:47;07:50;0
2025-06-23;0750;VHJpcDoxOjI0NjYxNTMzLjIyMDYwMDcy;4247  személyvonat;S42;Barosstelep;09:49;07:49;0
2025-06-23;0750;VHJpcDoxOjI1MDAyNzI4;2077  személyvonat;Z72;Solymár;09:46;07:49;0
2025-06-23;0750;VHJpcDoxOjIwOTQ1MDE4;3547  személyvonat;G43;Tárnok;09:49;07:48;0
2025-06-23;0750;VHJpcDoxOjIwOTQ2ODQw;4642  személyvonat;Z30;Budapest-Kelenföld;09:46;07:49;0
2025-06-23;0750;VHJpcDoxOjI0NjIyNzA0;7737  személyvonat;Sz 7721/7722/7723/7724/7725/7726/7727/7728/7731/7732/7734/7735/7736/7737/7748/7749;Telekgerendás;09:57;07:50;0
2025-06-23;0750;VHJpcDoxOjIwOTQ0NzA1;3542  személyvonat;G43;Budapest-Kelenföld;09:42;07:46;0
2025-06-23;0750;VHJpcDoxOjI0NzE0MjQx;3157  személyvonat;S80;Kőbánya felső;09:48;07:49;0
2025-06-23;0750;VHJpcDoxOjI0NzQ5Mzcw;37622  személyvonat;Sz 37610/37611/37613/37614/37616/37617/37618/37619/37622/37623/37624/37625/37626/37628/37638;Fényes;09:52;07:48;0
2025-06-23;0750;VHJpcDoxOjIzMDEzMzYz;6082 CÍVIS InterRégió;IR CÍVIS;Ferihegy;09:46;07:50;0
2025-06-23;0750;VHJpcDoxOjI1MDA2NzU1;2567  személyvonat;S71;Váchartyán;09:49;07:49;0
2025-06-23;0750;VHJpcDoxOjIwOTQ1NDQx;4547  személyvonat;Z30;Dinnyés;09:55;07:50;0
2025-06-23;0750;VHJpcDoxOjIwOTQzMDg0;37727  személyvonat;Sz 37711/37712/37713/37714/37715/37716/37717/37720/37723/37724/37725/37726/37727/37750/37758/37759;Szerep;09:49;07:50;0
2025-06-23;0750;VHJpcDoxOjIzMDEzMzYy;6072 CÍVIS InterRégió;IR CÍVIS;Szolnok;09:44;07:47;0
2025-06-23;0750;VHJpcDoxOjI1MDA2NjAw;2362  személyvonat;Z70;Nagymaros-Visegrád;09:47;07:49;0
2025-06-23;0750;VHJpcDoxOjI1MTYyNzc3;32942  személyvonat;S74;Esztergom-Kertváros;09:47;07:48;0
2025-06-23;0750;VHJpcDoxOjI0NzE0MjM0;3167  személyvonat;S80;Gödöllő-Állami telepek;09:49;07:49;0
2025-06-23;0750;VHJpcDoxOjIwOTQ2MTY4;19702 KÉK HULLÁM InterCity;IC BALATON/KÉK HULLÁM/TÓPART;Balatonrendes;09:48;07:50;0
2025-06-23;0750;VHJpcDoxOjI1NDgzMDY1;722 NAPFÉNY InterCity;IC NAPFÉNY;Cegléd;09:46;07:49;0
2025-06-23;0750;VHJpcDoxOjIzMDEzMTQw;2837  személyvonat;Z50;Budai út;09:53;07:49;0
2025-06-23;0801;VHJpcDoxOjIwOTQ0NzM0;8202  személyvonat;Sz 8201/8202/8204/8205/8206/8207/8208/8210/8212/8213/8217/8218/8219/8222/8225/8236;Dombóvár alsó;10:02;08:00;0
2025-06-23;0801;VHJpcDoxOjI1NDgyOTkx;1967 GÖCSEJ sebesvonat;S GÖCSEJ;Zalaszentiván;09:57;08:00;0
2025-06-23;0801;VHJpcDoxOjIwNzcxODk0;9452  EuroRegio;ER 19411/19415/19421/19423/19430/19444/9411/9413/9415/9424/9428/9432/9435/9451/9452/9457/9476/9480/9483/9484/9486/9487/9490;Lébény-Mosonszentmiklós;09:59;08:00;0
2025-06-23;0801;VHJpcDoxOjI0NjI0MTA0LjIyMDAzODIx;7702  személyvonat;Sz 7700/7701/7702/7704/7705/7706/7707/7708/7711/7712/7714/7717/7738;Telekgerendás;09:55;07:55;0
2025-06-23;0801;VHJpcDoxOjI0OTk0NDQ5LjIyMjk4ODk2;8992 PANNÓNIA InterRégió;IR PANNÓNIA;Zalaszentiván;09:54;07:55;0
2025-06-23;0801;VHJpcDoxOjIwOTQzMTY0;9047  személyvonat;Sz 9030/9032/9033/9034/9035/9036/9037/9038/9039/9040/9042/9043/9044/9045/9046/9047/9049/9070/9071/9072/9073/9076/9077/9078/9081/9086/9091/9093/9094/9097;Sárvár;09:57;07:57;0
2025-06-23;0801;VHJpcDoxOjIzNTMyNzAz;6232  személyvonat;Sz 6214/6216/6219/6223/6225/6227/6229/6232/6233/6234/6247/6249/6259/6266/6276;Téglás;10:00;08:01;0
2025-06-23;0801;VHJpcDoxOjI1MDA2NjUz;2072  személyvonat;Z72;Piliscsaba;09:59;07:59;0
2025-06-23;0801;VHJpcDoxOjIwOTQyNzc2;32242  személyvonat;S750;Szokolya;09:59;08:01;0
2025-06-23;0801;VHJpcDoxOjI1MjUyMjg4;2947  személyvonat;Z21;Örkény;09:58;08:00;0
2025-06-23;0801;VHJpcDoxOjI0NjczOTY3;3892  személyvonat;S36;Ferencváros;10:04;08:00;0
2025-06-23;0801;VHJpcDoxOjIwOTQzMTQ2;37412  személyvonat;Sz 37412/37414/37418/37431;Csongrádi úti tanyák;10:01;08:00;0
2025-06-23;0801;VHJpcDoxOjI1MjUwMzM3LjIyNDY1NTUw;2932  személyvonat;Z21;Örkény;09:56;07:58;0
2025-06-23;0801;VHJpcDoxOjIwOTQ2MDM0;37012  személyvonat;Sz 37011/37012/37013/37014/37015/37016/37017/37018/37019/37020/37022/37023/37024/37025/37026/37027/37034/37036/37039;Magyarbánhegyes;09:59;08:00;0
2025-06-23;0801;VHJpcDoxOjI1MDA2NjYx;2082  személyvonat;Z72;Újpest;09:59;08:01;0
2025-06-23;0801;VHJpcDoxOjI0NjYyMDcz;3262  személyvonat;S76;Üröm;09:59;08:01;0
2025-06-23;0801;VHJpcDoxOjIwOTQ0NzQ1;8217  személyvonat;Sz 8201/8202/8204/8205/8206/8207/8208/8210/8212/8213/8217/8218/8219/8222/8225/8236;Csurgó;09:56;07:58;0
2025-06-23;0801;VHJpcDoxOjIzNzMyMTY4;3457  személyvonat;S60;Pusztaszentistván;10:00;08:00;0
2025-06-23;0801;VHJpcDoxOjI1NDczODQx;9607 HELIKON InterRégió;IR HELIKON;Pápa;09:58;07:59;0
2025-06-23;0801;VHJpcDoxOjI0MDIzNDU4;37015  személyvonat;Sz 37011/37012/37013/37014/37015/37016/37017/37018/37019/37020/37022/37023/37024/37025/37026/37027/37034/37036/37039;Végegyháza;10:00;07:59;0
2025-06-23;0801;VHJpcDoxOjI1NDgzMDgw;737 NAPFÉNY InterCity;IC NAPFÉNY;Szatymaz;09:58;07:59;0
2025-06-23;0801;VHJpcDoxOjIwOTQzNjM2;32227  személyvonat;S750;Szokolya;09:57;07:56;0
2025-06-23;0801;VHJpcDoxOjIwOTQ0MTc5;38317  személyvonat;Sz 38313/38314/38316/38317/38323;Somogyaszaló;09:57;08:01;0
2025-06-23;0801;VHJpcDoxOjIwOTQ2ODIw;19792 KÉK HULLÁM InterCity;IC BALATON/KÉK HULLÁM/TÓPART;Székesfehérvár;09:50;08:00;0
2025-06-23;0801;VHJpcDoxOjIwOTQyNTEy;9042  személyvonat;Sz 9030/9032/9033/9034/9035/9036/9037/9038/9039/9040/9042/9043/9044/9045/9046/9047/9049/9070/9071/9072/9073/9076/9077/9078/9081/9086/9091/9093/9094/9097;Sárvár;09:59;08:00;0
2025-06-23;0810;VHJpcDoxOjI0NjYxNTQyLjIyMDY4OTc0;4257  személyvonat;S42;Iváncsa;10:13;08:10;0
2025-06-23;0810;VHJpcDoxOjI0NjYyMTk0;9962  személyvonat;Sz 9962;Enese;10:05;08:05;0
2025-06-23;0810;VHJpcDoxOjI1MDAyNTYw;2482  személyvonat;S70;Göd;10:06;08:09;0
2025-06-23;0810;VHJpcDoxOjIwOTQyNTY2;34114  személyvonat;S440;Zichyújfalu;10:10;08:09;0
2025-06-23;0810;VHJpcDoxOjIwOTQzMTQz;39527  személyvonat;Sz 39511/39512/39513/39514/39515/39516/39517/39518/39522/39523/39524/39525/39526/39527;Zirc;10:09;08:09;0
2025-06-23;0810;VHJpcDoxOjI1NDgyODg1;732 ALFÖLD Expresszvonat;Ex ALFÖLD;Kőbánya-Kispest;10:05;08:10;0
2025-06-23;0810;VHJpcDoxOjI0OTk0MDU3LjIyMjc1NDg3;6632  személyvonat;Sz 6621/6622/6623/6626/6628/6632/6634/6635/6639/6643;Hortobágyi Halastó;10:12;08:07;0
2025-06-23;0810;VHJpcDoxOjIwOTQzNTUx;36627  személyvonat;Sz 36610/36611/36612/36613/36614/36615/36616/36617/36618/36619/36622/36623/36624/36625/36626/36627/36628/36629/36638/36639/36658/36668;Hajdúdorog;10:08;08:09;0
2025-06-23;0810;VHJpcDoxOjI1Mjk1Njc5;39914  személyvonat;Sz 39910/39911/39912/39913/39914/39915/39916/39917/39918/39919/39921/39922/39923/39924/39925/39926/39927/39928/39929/39931/39932/39933/39934/39935/39936/39937/39938/39942/39943/39944/39946/39947/39948/39953;Kámon;10:09;08:09;0
2025-06-23;0810;VHJpcDoxOjIzODMzNTkz;33427  személyvonat;S77;Galgamácsa;10:07;08:09;0
2025-06-23;0810;VHJpcDoxOjIzMzk1MDE2;5042  személyvonat;Sz 5012/5015/5042/5267/5269;Mezőkeresztes-Mezőnyárád;09:54;08:10;0
2025-06-23;0810;VHJpcDoxOjIzNzAyNDg5;904 BAKONY InterCity;IC BAKONY;Budapest-Kelenföld;10:06;08:09;0
2025-06-23;0810;VHJpcDoxOjIwOTQ0NzMz;8284  személyvonat;Sz 8284/8285;Kiskorpád;10:09;08:08;0
2025-06-23;0810;VHJpcDoxOjIwOTQzNTQ4;36622  személyvonat;Sz 36610/36611/36612/36613/36614/36615/36616/36617/36618/36619/36622/36623/36624/36625/36626/36627/36628/36629/36638/36639/36658/36668;Hajdúdorog;10:05;08:05;0
2025-06-23;0810;VHJpcDoxOjIwOTQ1NTM2;8997 PANNÓNIA InterRégió;IR PANNÓNIA;Babócsa;09:44;08:09;0
2025-06-23;0810;VHJpcDoxOjI0MjU5MTI2;687 SZAMOS EuroCity;EC SZAMOS;Vámospércs;10:33;08:08;0
2025-06-23;0810;VHJpcDoxOjIwOTQ1NDM0;35422  személyvonat;Sz 35413/35414/35416/35417/35422/35423/35424/35425/35426/35429;Szalonna;10:07;08:09;0
2025-06-23;0810;VHJpcDoxOjI1MDAyNjYx;2377  személyvonat;Z70;Nagymaros;10:08;08:08;0
2025-06-23;0810;VHJpcDoxOjI1NDczOTkx;251 DRÁVA InterCity;IC DRÁVA/MURA;Haris;10:08;08:09;0
2025-06-23;0810;VHJpcDoxOjI0Njc0Njk1;552 AGRIA InterRégió;IR87;Vámosgyörk;10:05;08:09;0
2025-06-23;0810;VHJpcDoxOjIwOTQzODE1;19782  személyvonat;Sz 19771/19773/19774/19775/19776/19777/19778/19782/19783/19784/19785/19786/19787;Fövenyes;10:09;08:09;0
2025-06-23;0810;VHJpcDoxOjIwOTQ2OTUw;4647  személyvonat;Z30;Budapest-Kelenföld;10:11;08:09;0
2025-06-23;0810;VHJpcDoxOjI0Njc0NjM0;3315  személyvonat;Z60;Zagyvarékas;10:17;08:09;0
2025-06-23;0810;VHJpcDoxOjI0NjczOTg1;9937  személyvonat;Sz 19928/19938/9912/9914/9916/9919/9928/9929/9937/9938/9958;Fertőszentmiklós;10:08;08:09;0
2025-06-23;0822;VHJpcDoxOjIwOTQ3Mjgw;16907 SZABOLCSI TEKERGŐ Expresszvonat;Ex ARANYPART/CSABAI TEKERGŐ/SZABOLCSI TEKERGŐ;Budapest-Kelenföld;10:00;08:22;0
2025-06-23;0822;VHJpcDoxOjI0MDIzMzM5;37327  személyvonat;Sz 37310/37311/37312/37314/37315/37317/37318/37319/37320/37322/37323/37324/37325/37326/37327/37329/37351;Orosháza;10:20;08:20;0
2025-06-23;0822;VHJpcDoxOjI1MjU4Mzk0;4947  személyvonat;S10;Almásfüzitő;10:14;08:16;0
2025-06-23;0822;VHJpcDoxOjI1MDA2NzIx;2015  személyvonat;Z72;Leányvár;10:18;08:21;0
2025-06-23;0822;VHJpcDoxOjIwOTQzNzg1;39514  személyvonat;Sz 39511/39512/39513/39514/39515/39516/39517/39518/39522/39523/39524/39525/39526/39527;Győrszabadhegy;10:19;08:22;0
2025-06-23;0822;VHJpcDoxOjI1MDAyNTYz;2314  személyvonat;Z70;Felsőgöd;10:22;08:20;0
2025-06-23;0822;VHJpcDoxOjIwOTQ0OTI4;4514  személyvonat;Z30;Budapest-Kelenföld;10:16;08:21;0
2025-06-23;0822;VHJpcDoxOjIwOTQ0MTkz;32415  személyvonat;Sz 32415/32423/32432;Tunyogmatolcs alsó;10:32;08:22;0
2025-06-23;0822;VHJpcDoxOjIwOTQ1MzAx;37417  személyvonat;Sz 37417;Hékéd;10:23;08:22;0
2025-06-23;0822;VHJpcDoxOjIwOTQ0NDg0;5415  személyvonat;Sz 5410/5413/5414/5415/5416/5417/5418/5419/5421/5422/5424/5425/5433/5436/5437/5438;Bánréve;10:19;08:20;0
2025-06-23;0822;VHJpcDoxOjIxNDQ3MjA3;8115  személyvonat;Sz 8110/8111/8112/8113/8115/8116/8117/8118/8119/8121/8122/8123/8124/8126;Magyarbóly;10:09;08:22;0
2025-06-23;0822;VHJpcDoxOjI1MTYyODE0;5714  személyvonat;S820;Pusztamonostor;10:21;08:21;0
2025-06-23;0822;VHJpcDoxOjIwOTQ1NDgz;862 BALATON InterCity;IC BALATON/KÉK HULLÁM/TÓPART;Balatonszemes;10:17;08:21;0
2025-06-23;0822;VHJpcDoxOjIwOTQzNjU0;35522  személyvonat;Sz 35512/35513/35514/35515/35516/35517/35522/35523;Eger-Felnémet;10:21;08:22;0
2025-06-23;0822;VHJpcDoxOjIwOTUxMjE0;39014  személyvonat;Sz 39012/39014/39016/39018/39021/39023/39025/39027/39029/39038;Bocfölde;10:30;08:22;0
2025-06-23;0822;VHJpcDoxOjI1MDAyNzAx;2542  személyvonat;S71;Vác-Alsóváros;10:20;08:20;0
2025-06-23;0822;VHJpcDoxOjIwOTQ1MDg0;4314  személyvonat;S40;Budapest-Kelenföld;10:26;08:22;0
2025-06-23;0822;VHJpcDoxOjIwOTQ0NjAy;19797 KÉK HULLÁM InterCity;IC BALATON/KÉK HULLÁM/TÓPART;Balatonszepezd;10:20;08:21;0
2025-06-23;0822;VHJpcDoxOjI0NzE0MTY2;3342  személyvonat;Z60;Tápiószentmárton;10:13;08:21;0
2025-06-23;0830;VHJpcDoxOjI1MDAyNzcz;2414  személyvonat;S70;Dunakeszi alsó;10:26;08:30;0
2025-06-23;0830;VHJpcDoxOjI1NDgyOTcy;1902 BAKONY sebesvonat;S BAKONY;Boba;10:30;08:29;0
2025-06-23;0830;VHJpcDoxOjI1MjkwNDQ3;186 HERNÁD InterCity;IC BORSOD/HERNÁD/HERNÁD - ZEMPLÉN;Hatvan;11:09;08:29;0
2025-06-23;0830;VHJpcDoxOjI0NDQxNDcx;6247  személyvonat;Sz 6214/6216/6219/6223/6225/6227/6229/6232/6233/6234/6247/6249/6259/6266/6276;Kisvárda;10:28;08:30;0
2025-06-23;0830;VHJpcDoxOjIzODMzNzQ0;652 TOKAJ InterCity;IC TOKAJ;Püspökladány;10:27;08:29;0
2025-06-23;0830;VHJpcDoxOjI0NzE0MTY5;3314  személyvonat;Z60;Rákos;10:25;08:30;0
2025-06-23;0830;VHJpcDoxOjI0OTk3MTQ4;36562  személyvonat;Sz 36552/36553/36554/36555/36556/36557/36558/36562/36563;Kisköre;10:25;08:26;0
2025-06-23;0830;VHJpcDoxOjI0ODk0OTk4LjIyMjI2Mjc1;9154  személyvonat;Sz 9152/9153/9154/9155/9157/9158/9159/9164/9165/9166/9178/9181/9183/9188/9198;Újkér;10:33;08:30;0
2025-06-23;0830;VHJpcDoxOjI1MDAyNzAz;2514  személyvonat;S71;Fót;10:26;08:29;0
2025-06-23;0830;VHJpcDoxOjI0NzE0MTM5;3472  személyvonat;S60;Gyömrő;10:22;08:30;0
2025-06-23;0830;VHJpcDoxOjIwOTQ0ODMz;38362  személyvonat;Sz 38340/38341/38362/38364/38365/38367/38397;Ádánd;10:30;08:29;0
2025-06-23;0830;VHJpcDoxOjI0NzE0MjIw;3162  személyvonat;S80;Pécel;10:28;08:29;0
2025-06-23;0830;VHJpcDoxOjIzNDAzNTU2;525 ZEMPLÉN InterCity;IC ZEMPLÉN;Olaszliszka-Tolcsva;10:25;08:25;0
2025-06-23;0830;VHJpcDoxOjI0NzE0MjMw;5502 AGRIA InterRégió;IR87;Gödöllő;10:25;08:30;0
2025-06-23;0830;VHJpcDoxOjIzMDEzMTcz;582 TOKAJ InterCity;IC TOKAJ;Szolnok;10:19;08:29;0
2025-06-23;0830;VHJpcDoxOjI0Njc0NzAy;3115  személyvonat;S80;Pécel;10:28;08:29;0
2025-06-23;0830;VHJpcDoxOjI0OTk3MTQ0;36557  személyvonat;Sz 36552/36553/36554/36555/36556/36557/36558/36562/36563;Kisköre;10:29;08:29;0
2025-06-23;0840;VHJpcDoxOjIzMDEzMzc1;6107 CÍVIS InterRégió;IR CÍVIS;Újfehértó;10:49;08:40;0
2025-06-23;0840;VHJpcDoxOjIwOTQzNjE3;36414  személyvonat;Sz 36411/36414/36416/36417/36418/36419/36420/36421/36426/36427/36428/36431/36433/36436/36446/36447;Kisfástanya;10:39;08:39;0
2025-06-23;0840;VHJpcDoxOjIwOTQ1NTM3;8905 PANNÓNIA InterRégió;IR PANNÓNIA;Szentlőrinc;10:34;08:39;0
2025-06-23;0840;VHJpcDoxOjI0Njc0NjUw;3415  személyvonat;S60;Maglódi nyaraló;10:39;08:39;0
2025-06-23;0840;VHJpcDoxOjIwOTQ0MDI1;3514  személyvonat;G43;Ferencváros;10:34;08:40;0
2025-06-23;0840;VHJpcDoxOjIzMDEzMTc3;560 TOKAJ InterCity;IC TOKAJ;Nyíregyháza;10:29;08:39;0
2025-06-23;0840;VHJpcDoxOjI0NjY4NDMy;3272  személyvonat;S76;Vörösvárbánya;10:37;08:40;0
2025-06-23;0840;VHJpcDoxOjIwOTQ1MTE4;4315  személyvonat;S40;Budapest-Kelenföld;10:31;08:40;0
2025-06-23;0840;VHJpcDoxOjI0NzE0MzAx;35725  személyvonat;Sz 35713/35714/35717/35724/35725/35726/35732;Abonyi út;10:43;08:40;0
2025-06-23;0840;VHJpcDoxOjI1MzYwMjk2;924 SAVARIA InterCity;IC SAVARIA;Budapest-Kelenföld;10:28;08:40;0
2025-06-23;0840;VHJpcDoxOjI1NDczODUy;9602 HELIKON InterRégió;IR HELIKON;Tapolca;10:35;08:38;0
2025-06-23;0840;VHJpcDoxOjIzNTMyNzcy;6222  személyvonat;Sz 6212/6213/6216/6219/6220/6222/6228/6236/6237/6238/6243/6249;Fényeslitke;10:39;08:39;0
2025-06-23;0840;VHJpcDoxOjI1MTU5NTc2;5715  személyvonat;S820;Újszász;10:35;08:38;0
2025-06-23;0840;VHJpcDoxOjIzMzk1MDIy;5127  személyvonat;Sz 5112/5113/5114/5115/5116/5117/5118/5122/5124/5125/5127/5133/5134/5135/5136/5138/5139/5144/5145/5146/5147/5169;Füzesbokor;10:46;08:40;0
2025-06-23;0840;VHJpcDoxOjI1MDA2NzI1;2025  személyvonat;Z72;Esztergom-Kertváros;10:39;08:40;0
2025-06-23;0840;VHJpcDoxOjIwOTQ0ODc4;36117  személyvonat;Sz 36112/36116/36117;Nyírmeggyes;10:39;08:39;0
2025-06-23;0840;VHJpcDoxOjI1MjgyNzMx;997 SCARBANTIA InterCity;IC SCARBANTIA;Budapest-Kelenföld;10:28;08:40;0
2025-06-23;0840;VHJpcDoxOjIzNjI2MzQxLjIxMTY2MzQw;907 BAKONY InterCity;IC BAKONY;Hajmáskér;10:38;08:39;0
2025-06-23;0840;VHJpcDoxOjIwOTQzMDkx;19715 VÍZIPÓK sebesvonat;S VÍZIPÓK;Alsóörs;10:34;08:34;0
2025-06-23;0840;VHJpcDoxOjIwOTQ1MDg5;36815  személyvonat;Sz 36810/36812/36815/36816/36817/36818/36829/36830/36833/36834;Tornyospálca;10:40;08:39;0
2025-06-23;0840;VHJpcDoxOjIzMzYxOTA4;5122  személyvonat;Sz 5112/5113/5114/5115/5116/5117/5118/5122/5124/5125/5127/5133/5134/5135/5136/5138/5139/5144/5145/5146/5147/5169;Szihalom;10:41;08:40;0
2025-06-23;0850;VHJpcDoxOjIwOTQ1MDU0;4515  személyvonat;Z30;Dinnyés;10:55;08:49;0
2025-06-23;0850;VHJpcDoxOjIwOTQ1MDk3;864 BALATON InterCity;IC BALATON/KÉK HULLÁM/TÓPART;Budapest-Kelenföld;10:41;08:49;0
2025-06-23;0850;VHJpcDoxOjI0NzE0MjIy;3114  személyvonat;S80;Rákos;10:45;08:49;0
2025-06-23;0850;VHJpcDoxOjIzNDAzNTY2;5015  személyvonat;Sz 5012/5015/5042/5267/5269;Taktaharkány;10:50;08:50;0
2025-06-23;0850;VHJpcDoxOjIzMDEzMTQx;2815  személyvonat;Z50;Budai út;10:53;08:49;0
2025-06-23;0850;VHJpcDoxOjI1MjgxNDAw;985 SCARBANTIA InterCity;IC SCARBANTIA;Kapuvár;10:47;08:49;0
2025-06-23;0850;VHJpcDoxOjI0NzE0Mjk5;35714  személyvonat;Sz 35713/35714/35717/35724/35725/35726/35732;Jászárokszállás;10:50;08:49;0
2025-06-23;0850;VHJpcDoxOjI1MDAyNjM5;2014  személyvonat;Z72;Szabadságliget;10:49;08:49;0
2025-06-23;0850;VHJpcDoxOjI0NTM3NjA4;38215  személyvonat;Sz 38210/38211/38212/38213/38214/38215/38216/38217/38218/38219/38220/38221/38223/38224/38225/38226/38228/38229/38253;Okorág-Kárászpuszta;10:48;08:49;0
2025-06-23;0850;VHJpcDoxOjIwOTQ0NDQy;9214  személyvonat;Sz 19261/9210/9211/9212/9213/9214/9215/9216/9217/9218/9219/9221/9222/9223/9224/9225/9226/9227/9229/9236/9238/9239/9248;Gecse-Gyarmat;10:44;08:49;0
2025-06-23;0850;VHJpcDoxOjIwOTQzOTUy;19775  személyvonat;Sz 19771/19773/19774/19775/19776/19777/19778/19782/19783/19784/19785/19786/19787;Nemesgulács-Kisapáti;10:53;08:49;0
2025-06-23;0850;VHJpcDoxOjIwOTQ2MTky;4614  személyvonat;Z30;Budapest-Kelenföld;10:46;08:49;0
2025-06-23;0850;VHJpcDoxOjI0NzE0Mjkx;3015 MÁTRA InterRégió;IR85;Hatvan;10:40;08:49;0
2025-06-23;0850;VHJpcDoxOjI1MDAyNzQ1;2515  személyvonat;S71;Váchartyán;10:49;08:50;0
2025-06-23;0850;VHJpcDoxOjIwOTQyNjI4;35214  személyvonat;Sz 35210/35211/35212/35213/35214/35215/35216/35217/35218/35219/35221/35222/35223/35224/35225/35226/35227/35228/35238;Abaújszántói fürdő;10:47;08:49;0
2025-06-23;0850;VHJpcDoxOjI0NjYyMDc1;3282  személyvonat;S76;Újpest;10:49;08:50;0
2025-06-23;0850;VHJpcDoxOjI0ODczNTgw;376 KÖRÖS InterCity;IC BÉGA/BÉKÉS/ISTER/KÖRÖS/MAROS/ZARÁND;Lőkösháza;10:44;08:43;0
2025-06-23;0850;VHJpcDoxOjI0Njc0NzAz;3135  személyvonat;S80;Isaszeg;11:21;08:46;0
2025-06-23;0850;VHJpcDoxOjI0NzE0MTQw;3414  személyvonat;S60;Maglód;10:47;08:50;0
2025-06-23;0850;VHJpcDoxOjIwOTQ0NTI1;9215  személyvonat;Sz 19261/9210/9211/9212/9213/9214/9215/9216/9217/9218/9219/9221/9222/9223/9224/9225/9226/9227/9229/9236/9238/9239/9248;Mihályháza;10:47;08:50;0
2025-06-23;0850;VHJpcDoxOjI0NjY3ODAy;3865  személyvonat;S36;Budapest-Kelenföld;10:36;08:43;0
2025-06-23;0850;VHJpcDoxOjI0NzE0MjM1;3125  személyvonat;S80;Gödöllő-Állami telepek;10:49;08:49;0
2025-06-23;0850;VHJpcDoxOjIwOTQ1ODE4;5414  személyvonat;Sz 5410/5413/5414/5415/5416/5417/5418/5419/5421/5422/5424/5425/5433/5436/5437/5438;Miskolc-Gömöri;10:46;08:49;0
2025-06-23;0850;VHJpcDoxOjIwOTQ2ODEx;7237  személyvonat;Sz 7202/7207/7211/7212/7213/7214/7215/7216/7217/7218/7221/7222/7224/7225/7226/7227/7229/7232/7234/7235/7236/7237/7239/7255;Nagytőke;10:48;08:48;0
2025-06-23;0850;VHJpcDoxOjI0MDMwMTA2;37214  személyvonat;Sz 37212/37213/37214/37215/37216/37217/37218/37219/37225/37226;Petőfiváros;10:51;08:49;0
2025-06-23;0850;VHJpcDoxOjIwOTQ0NzQy;5084  személyvonat;Sz 5083/5084/5085/5086/5087/5088/5092/5093/5094/5095/5096/5097;Adács;10:49;08:49;0
2025-06-23;0850;VHJpcDoxOjI0NjI0MTAwLjIyMDAxMzk2;7732  személyvonat;Sz 7721/7722/7723/7724/7725/7726/7727/7728/7731/7732/7734/7735/7736/7737/7748/7749;Csorvás;10:47;08:49;0
2025-06-23;0850;VHJpcDoxOjI1Mjk1Njg1;39915  személyvonat;Sz 39910/39911/39912/39913/39914/39915/39916/39917/39918/39919/39921/39922/39923/39924/39925/39926/39927/39928/39929/39931/39932/39933/39934/39935/39936/39937/39938/39942/39943/39944/39946/39947/39948/39953;Gencsapáti alsó;10:45;08:49;0
2025-06-23;0850;VHJpcDoxOjI1NDgzMTQ4LjIwNDM1MDcz;360  személyvonat;Sz 358/359/360/361/362/363/364/365/368/369;Berettyóújfalu;10:48;08:49;0
2025-06-23;0901;VHJpcDoxOjI1MTYyODAw;9515  személyvonat;Sz 9511/9512/9513/9514/9515/9516/9517/9518/9519/9520/9521/9523/9524/9525/9526/9528/9540;Zalaszentiván;10:59;09:01;0
2025-06-23;0901;VHJpcDoxOjI1NDgzMTcy;1905 BAKONY sebesvonat;S BAKONY;Sárvár;10:57;08:58;0
2025-06-23;0901;VHJpcDoxOjIwOTQzNDYw;32214  személyvonat;S750;Szokolya;10:59;09:01;0
2025-06-23;0901;VHJpcDoxOjI0NjYxNTQz;4214  személyvonat;S42;Budapest-Kelenföld;10:56;08:59;0
2025-06-23;0901;VHJpcDoxOjI1MzI1Nzk0;246 CITADELLA InterCity;IC CITADELLA;Devecser;10:54;09:00;0
2025-06-23;0901;VHJpcDoxOjI1NDgzMDgz;705 ALFÖLD Expresszvonat;Ex ALFÖLD;Szatymaz;10:58;08:58;0
2025-06-23;0901;VHJpcDoxOjI1MDAyNjQy;2024  személyvonat;Z72;Újpest;10:59;09:00;0
2025-06-23;0901;VHJpcDoxOjI1MjUyMjc2LjIyNDYwMDAy;2942  személyvonat;Z21;Örkény;10:56;08:56;0
2025-06-23;0901;VHJpcDoxOjI0NjIyNzEx;7717  személyvonat;Sz 7700/7701/7702/7704/7705/7706/7707/7708/7711/7712/7714/7717/7738;Telekgerendás;10:57;08:57;0
2025-06-23;0901;VHJpcDoxOjI0NzE0Mjg1;3042 MÁTRA InterRégió;IR85;Gyöngyöshalász;10:46;09:01;0
2025-06-23;0901;VHJpcDoxOjI0NzE0MTkw;3425  személyvonat;S60;Pusztaszentistván;11:00;09:00;0
2025-06-23;0901;VHJpcDoxOjI1MTU5NTEw;37115  személyvonat;S220;Kerekdomb;10:59;09:00;0
2025-06-23;0901;VHJpcDoxOjIwOTQ0NzQ2;8285  személyvonat;Sz 8284/8285;Beleg;11:00;09:00;0
2025-06-23;0901;VHJpcDoxOjIwOTQ1MTI3;865 BALATON InterCity;IC BALATON/KÉK HULLÁM/TÓPART;Balatonszentgyörgy;10:59;09:00;0
2025-06-23;0901;VHJpcDoxOjIwOTQ0MDMy;8304 GEMENC InterRégió;IR GEMENC;Sárbogárd;10:54;08:53;0
2025-06-23;0901;VHJpcDoxOjI1MDAyMDEw;9815  személyvonat;Sz 9815;Zalaszentiván;10:53;08:54;0
2025-06-23;0901;VHJpcDoxOjI0NjY3ODIy;9914  személyvonat;Sz 19928/19938/9912/9914/9916/9919/9928/9929/9937/9938/9958;Ikrény;10:58;09:01;0
2025-06-23;0901;VHJpcDoxOjI0NTM0MDMz;8114  személyvonat;Sz 8114/8125/8131;Pécsbánya-Rendező;10:57;09:00;0
2025-06-23;0901;VHJpcDoxOjIzMDEzMTc1;6097 CÍVIS InterRégió;IR CÍVIS;Kaba;11:02;09:00;0
2025-06-23;0901;VHJpcDoxOjI1NDgzMTQw;361  személyvonat;Sz 358/359/360/361/362/363/364/365/368/369;Sáp;10:59;08:58;0
2025-06-23;0901;VHJpcDoxOjIwOTQ0MDQz;8397 GEMENC InterRégió;IR GEMENC;Sárbogárd;10:55;08:58;0
2025-06-23;0901;VHJpcDoxOjI0NTM0MDQ0;8055  személyvonat;Sz 18050/8051/8052/8053/8054/8055/8056/8057/8058/8059/8060/8061/8062/8063/8064/8065/8066/8067/8068;Szentlőrinc;11:01;09:00;0
2025-06-23;0901;VHJpcDoxOjI1MDAyNTY1;2424  személyvonat;S70;Dunakeszi;10:58;09:00;0
2025-06-23;0901;VHJpcDoxOjIwOTQzODUx;9414  személyvonat;Sz 19418/19421/19422/19423/19447/9412/9414/9416/9417/9418/9419/9420/9425/9427/9431/9434/9437/9438/9441/9442/9443/9445/9448/9456/9458/9467;Lébény-Mosonszentmiklós;10:59;09:01;0
2025-06-23;0901;VHJpcDoxOjI0ODcxNTY1LjIyMjE3NTI2;8015  személyvonat;S40;Sárbogárd;12:12;08:52;0
2025-06-23;0901;VHJpcDoxOjI0ODk0OTI1;9155  személyvonat;Sz 9152/9153/9154/9155/9157/9158/9159/9164/9165/9166/9178/9181/9183/9188/9198;Salköveskút-Vassurány;11:07;09:01;0
